Top level Google IPs,1481613634,104.154.0.0/15
Top level Google IPs,1481613634,104.196.0.0/14
Top level Google IPs,1481613634,107.167.160.0/19
Top level Google IPs,1481613634,107.178.192.0/18
Top level Google IPs,1481613634,108.170.192.0/20
Top level Google IPs,1481613634,108.170.208.0/21
Top level Google IPs,1481613634,108.170.216.0/22
Top level Google IPs,1481613634,108.170.222.0/23
Top level Google IPs,1481613634,108.177.8.0/21
Top level Google IPs,1481613634,108.177.96.0/19
Top level Google IPs,1481613634,108.59.80.0/20
Top level Google IPs,1481613634,130.211.128.0/17
Top level Google IPs,1481613634,130.211.16.0/20
Top level Google IPs,1481613634,130.211.32.0/19
Top level Google IPs,1481613634,130.211.4.0/22
Top level Google IPs,1481613634,130.211.64.0/18
Top level Google IPs,1481613634,130.211.8.0/21
Top level Google IPs,1481613634,146.148.16.0/20
Top level Google IPs,1481613634,146.148.2.0/23
Top level Google IPs,1481613634,146.148.32.0/19
Top level Google IPs,1481613634,146.148.4.0/22
Top level Google IPs,1481613634,146.148.64.0/18
Top level Google IPs,1481613634,146.148.8.0/21
Top level Google IPs,1481613634,162.216.148.0/22
Top level Google IPs,1481613634,162.222.176.0/21
Top level Google IPs,1481613634,165.193.245.0/24
Top level Google IPs,1481613634,172.102.8.0/21
Top level Google IPs,1481613634,172.217.0.0/19
Top level Google IPs,1481613634,173.194.0.0/16
Top level Google IPs,1481613634,173.255.112.0/20
Top level Google IPs,1481613634,185.150.148.0/22
Top level Google IPs,1481613634,192.104.160.0/23
Top level Google IPs,1481613634,192.158.28.0/22
Top level Google IPs,1481613634,192.5.5.241/32
Top level Google IPs,1481613634,199.192.113.0/24
Top level Google IPs,1481613634,199.192.114.0/23
Top level Google IPs,1481613634,199.223.232.0/22
Top level Google IPs,1481613634,199.223.236.0/23
Top level Google IPs,1481613634,199.88.130.0/24
Top level Google IPs,1481613634,203.208.32.0/23
Top level Google IPs,1481613634,203.208.36.0/22
Top level Google IPs,1481613634,203.208.40.0/21
Top level Google IPs,1481613634,203.208.48.0/22
Top level Google IPs,1481613634,203.208.52.0/24
Top level Google IPs,1481613634,203.208.57.0/24
Top level Google IPs,1481613634,207.126.144.0/20
Top level Google IPs,1481613634,207.223.160.0/20
Top level Google IPs,1481613634,208.114.245.0/24
Top level Google IPs,1481613634,208.117.224.0/19
Top level Google IPs,1481613634,208.65.152.0/22
Top level Google IPs,1481613634,208.68.108.0/23
Top level Google IPs,1481613634,208.81.188.0/22
Top level Google IPs,1481613634,209.107.176.0/20
Top level Google IPs,1481613634,209.85.128.0/18
Top level Google IPs,1481613634,209.85.192.0/22
Top level Google IPs,1481613634,209.85.198.0/23
Top level Google IPs,1481613634,209.85.200.0/21
Top level Google IPs,1481613634,209.85.208.0/20
Top level Google IPs,1481613634,209.85.224.0/19
Top level Google IPs,1481613634,216.239.32.0/19
Top level Google IPs,1481613634,216.252.220.0/22
Top level Google IPs,1481613634,216.58.192.0/19
Top level Google IPs,1481613634,216.73.80.0/20
Top level Google IPs,1481613634,23.236.48.0/20
Top level Google IPs,1481613634,23.251.128.0/19
Top level Google IPs,1481613634,35.184.0.0/15
Top level Google IPs,1481613634,35.186.0.0/16
Top level Google IPs,1481613634,35.187.0.0/17
Top level Google IPs,1481613634,35.187.144.0/20
Top level Google IPs,1481613634,35.187.160.0/19
Top level Google IPs,1481613634,35.187.192.0/18
Top level Google IPs,1481613634,35.188.0.0/16
Top level Google IPs,1481613634,64.15.112.0/20
Top level Google IPs,1481613634,64.18.0.0/20
Top level Google IPs,1481613634,64.233.160.0/19
Top level Google IPs,1481613634,65.220.13.0/25
Top level Google IPs,1481613634,66.102.0.0/20
Top level Google IPs,1481613634,66.249.80.0/20
Top level Google IPs,1481613634,70.32.152.0/22
Top level Google IPs,1481613634,70.32.156.0/23
Top level Google IPs,1481613634,70.32.159.0/24
Top level Google IPs,1481613634,72.14.192.0/18
Top level Google IPs,1481613634,74.114.24.0/21
Top level Google IPs,1481613634,74.125.0.0/16
Top level Google IPs,1481613634,8.34.208.0/20
Top level Google IPs,1481613634,8.35.192.0/21
Top level Google IPs,1481613634,8.8.4.0/24
Top level Google IPs,1481613634,8.8.8.0/24